{
  "hash": "1478972486",
  "bot": {
    "id": "d8d6121f-1d56-4799-b534-24a62c9c73cc",
    "name": "LP Brand Survey",
    "chatBotType": "SURVEY_BOT",
    "description": "Survey BOT with  FCR, CSAT and NPS questions.",
    "status": "NEW",
    "getStartedButtonPayload": "hi",
    "creationTime": 1687861415439,
    "modificationTime": 1707112377813,
    "demo": false,
    "skipNLP": false,
    "language": "en-US",
    "botAttributes": {
      "ENABLE_AGENT_ANNOTATIONS": "false",
      "ENABLE_DEBUG": "true",
      "IS_THANK_YOU_MESSAGE_ENABLED": "false",
      "PCS_FALLBACK_LIMIT": "3",
      "PCS_FALLBACK_LIMIT_MESSAGE": "I’m sorry. I don’t understand. The survey will now close.",
      "SMALL_TALK_ENABLED": "true",
      "URL_SHORTENING_ENABLED": "false"
    },
    "sessionLength": 0,
    "passThroughMode": false,
    "transcriptDisabled": false,
    "version": "2",
    "publicBot": false,
    "transferGroupId": "eeb12341-2ea7-45ce-9ad5-a04541e5fe17",
    "channel": "MESSAGING",
    "readOnly": false,
    "smallTalkEnabled": true
  },
  "responder": [],
  "requiredContext": [],
  "conversationMessage": [
    {
      "id": "16f41d04bee3cf5cde4632f7027ce6778be2c873",
      "chatBotId": "d8d6121f-1d56-4799-b534-24a62c9c73cc",
      "userInputRequired": false,
      "name": "nps_3",
      "type": "BOT_MESSAGE",
      "content": {
        "contentType": "STATIC",
        "results": {
          "type": "NPS",
          "tile": {
            "tileData": [
              {
                "text": "Based on your experience today, how likely are you to recommend us to a friend or colleague? (0 Not at all likely - 10 extremely likely)",
                "buttons": [],
                "quickReplyList": [],
                "pcsWidget": {
                  "multipleChoices": [
                    "0",
                    "1",
                    "2",
                    "3",
                    "4",
                    "5",
                    "6",
                    "7",
                    "8",
                    "9",
                    "10"
                  ],
                  "pcsMultipleChoices": [
                    {
                      "text": "0",
                      "value": 0,
                      "reportingValue": "0"
                    },
                    {
                      "text": "1",
                      "value": 1,
                      "reportingValue": "1"
                    },
                    {
                      "text": "2",
                      "value": 2,
                      "reportingValue": "2"
                    },
                    {
                      "text": "3",
                      "value": 3,
                      "reportingValue": "3"
                    },
                    {
                      "text": "4",
                      "value": 4,
                      "reportingValue": "4"
                    },
                    {
                      "text": "5",
                      "value": 5,
                      "reportingValue": "5"
                    },
                    {
                      "text": "6",
                      "value": 6,
                      "reportingValue": "6"
                    },
                    {
                      "text": "7",
                      "value": 7,
                      "reportingValue": "7"
                    },
                    {
                      "text": "8",
                      "value": 8,
                      "reportingValue": "8"
                    },
                    {
                      "text": "9",
                      "value": 9,
                      "reportingValue": "9"
                    },
                    {
                      "text": "10",
                      "value": 10,
                      "reportingValue": "10"
                    }
                  ],
                  "pcsQuickReplyValues": [
                    {
                      "text": "0",
                      "value": 0,
                      "reportingValue": "0"
                    },
                    {
                      "text": "1",
                      "value": 1,
                      "reportingValue": "1"
                    },
                    {
                      "text": "2",
                      "value": 2,
                      "reportingValue": "2"
                    },
                    {
                      "text": "3",
                      "value": 3,
                      "reportingValue": "3"
                    },
                    {
                      "text": "4",
                      "value": 4,
                      "reportingValue": "4"
                    },
                    {
                      "text": "5",
                      "value": 5,
                      "reportingValue": "5"
                    },
                    {
                      "text": "6",
                      "value": 6,
                      "reportingValue": "6"
                    },
                    {
                      "text": "7",
                      "value": 7,
                      "reportingValue": "7"
                    },
                    {
                      "text": "8",
                      "value": 8,
                      "reportingValue": "8"
                    },
                    {
                      "text": "9",
                      "value": 9,
                      "reportingValue": "9"
                    },
                    {
                      "text": "10",
                      "value": 10,
                      "reportingValue": "10"
                    }
                  ],
                  "displayChoice": "QUICK_REPLY",
                  "textStyle": "ABC",
                  "chatMessageQuickReplies": [
                    {
                      "type": "text",
                      "title": "0",
                      "value": 0,
                      "reportingValue": "0"
                    },
                    {
                      "type": "text",
                      "title": "1",
                      "value": 1,
                      "reportingValue": "1"
                    },
                    {
                      "type": "text",
                      "title": "2",
                      "value": 2,
                      "reportingValue": "2"
                    },
                    {
                      "type": "text",
                      "title": "3",
                      "value": 3,
                      "reportingValue": "3"
                    },
                    {
                      "type": "text",
                      "title": "4",
                      "value": 4,
                      "reportingValue": "4"
                    },
                    {
                      "type": "text",
                      "title": "5",
                      "value": 5,
                      "reportingValue": "5"
                    },
                    {
                      "type": "text",
                      "title": "6",
                      "value": 6,
                      "reportingValue": "6"
                    },
                    {
                      "type": "text",
                      "title": "7",
                      "value": 7,
                      "reportingValue": "7"
                    },
                    {
                      "type": "text",
                      "title": "8",
                      "value": 8,
                      "reportingValue": "8"
                    },
                    {
                      "type": "text",
                      "title": "9",
                      "value": 9,
                      "reportingValue": "9"
                    },
                    {
                      "type": "text",
                      "title": "10",
                      "value": 10,
                      "reportingValue": "10"
                    }
                  ],
                  "choicesPerRow": 4,
                  "nonPcsChatMessageQuickReplies": [
                    {
                      "type": "text",
                      "title": "0"
                    },
                    {
                      "type": "text",
                      "title": "1"
                    },
                    {
                      "type": "text",
                      "title": "2"
                    },
                    {
                      "type": "text",
                      "title": "3"
                    },
                    {
                      "type": "text",
                      "title": "4"
                    },
                    {
                      "type": "text",
                      "title": "5"
                    },
                    {
                      "type": "text",
                      "title": "6"
                    },
                    {
                      "type": "text",
                      "title": "7"
                    },
                    {
                      "type": "text",
                      "title": "8"
                    },
                    {
                      "type": "text",
                      "title": "9"
                    },
                    {
                      "type": "text",
                      "title": "10"
                    }
                  ]
                }
              }
            ]
          }
        }
      },
      "group": "2018b6c3-fb6d-4ddc-b349-01959a505df9",
      "status": "ACTIVE",
      "required": true,
      "nextMessageId": "7f9c276e85b0fd40a3c5685f51b9114e921351b1",
      "prevMessageId": "62108ede408ba3116da7d2b76d10e9d34ed74ba3",
      "responseMatches": [
        {
          "name": "RULE_0",
          "conditions": [
            {
              "matchType": "EVAL_OPTION",
              "evaluateOptionMatch": {
                "value": "0"
              }
            }
          ],
          "contextConditions": [],
          "action": {
            "name": "INTERACTION",
            "value": "next"
          },
          "contextDataVariables": []
        },
        {
          "name": "RULE_1",
          "conditions": [
            {
              "matchType": "EVAL_OPTION",
              "evaluateOptionMatch": {
                "value": "1"
              }
            }
          ],
          "contextConditions": [],
          "action": {
            "name": "INTERACTION",
            "value": "next"
          },
          "contextDataVariables": []
        },
        {
          "name": "RULE_2",
          "conditions": [
            {
              "matchType": "EVAL_OPTION",
              "evaluateOptionMatch": {
                "value": "2"
              }
            }
          ],
          "contextConditions": [],
          "action": {
            "name": "INTERACTION",
            "value": "next"
          },
          "contextDataVariables": []
        },
        {
          "name": "RULE_3",
          "conditions": [
            {
              "matchType": "EVAL_OPTION",
              "evaluateOptionMatch": {
                "value": "3"
              }
            }
          ],
          "contextConditions": [],
          "action": {
            "name": "INTERACTION",
            "value": "next"
          },
          "contextDataVariables": []
        },
        {
          "name": "RULE_4",
          "conditions": [
            {
              "matchType": "EVAL_OPTION",
              "evaluateOptionMatch": {
                "value": "4"
              }
            }
          ],
          "contextConditions": [],
          "action": {
            "name": "INTERACTION",
            "value": "next"
          },
          "contextDataVariables": []
        },
        {
          "name": "RULE_5",
          "conditions": [
            {
              "matchType": "EVAL_OPTION",
              "evaluateOptionMatch": {
                "value": "5"
              }
            }
          ],
          "contextConditions": [],
          "action": {
            "name": "INTERACTION",
            "value": "next"
          },
          "contextDataVariables": []
        },
        {
          "name": "RULE_6",
          "conditions": [
            {
              "matchType": "EVAL_OPTION",
              "evaluateOptionMatch": {
                "value": "6"
              }
            }
          ],
          "contextConditions": [],
          "action": {
            "name": "INTERACTION",
            "value": "next"
          },
          "contextDataVariables": []
        },
        {
          "name": "RULE_7",
          "conditions": [
            {
              "matchType": "EVAL_OPTION",
              "evaluateOptionMatch": {
                "value": "7"
              }
            }
          ],
          "contextConditions": [],
          "action": {
            "name": "INTERACTION",
            "value": "next"
          },
          "contextDataVariables": []
        },
        {
          "name": "RULE_8",
          "conditions": [
            {
              "matchType": "EVAL_OPTION",
              "evaluateOptionMatch": {
                "value": "8"
              }
            }
          ],
          "contextConditions": [],
          "action": {
            "name": "INTERACTION",
            "value": "next"
          },
          "contextDataVariables": []
        },
        {
          "name": "RULE_9",
          "conditions": [
            {
              "matchType": "EVAL_OPTION",
              "evaluateOptionMatch": {
                "value": "9"
              }
            }
          ],
          "contextConditions": [],
          "action": {
            "name": "INTERACTION",
            "value": "next"
          },
          "contextDataVariables": []
        },
        {
          "name": "RULE_10",
          "conditions": [
            {
              "matchType": "EVAL_OPTION",
              "evaluateOptionMatch": {
                "value": "10"
              }
            }
          ],
          "contextConditions": [],
          "action": {
            "name": "INTERACTION",
            "value": "next"
          },
          "contextDataVariables": []
        }
      ],
      "interactionType": "NPS",
      "changeResponse": {
        "enabled": true
      },
      "cancelResponse": {
        "enabled": true
      }
    },
    {
      "id": "62108ede408ba3116da7d2b76d10e9d34ed74ba3",
      "chatBotId": "d8d6121f-1d56-4799-b534-24a62c9c73cc",
      "userInputRequired": false,
      "name": "csat_2",
      "type": "BOT_MESSAGE",
      "content": {
        "contentType": "STATIC",
        "results": {
          "type": "CSAT",
          "tile": {
            "tileData": [
              {
                "text": "How would you rate your overall satisfaction with the service you received?",
                "buttons": [],
                "quickReplyList": [],
                "pcsWidget": {
                  "multipleChoices": [
                    "1 😡",
                    "2 🙁",
                    "3 😐",
                    "4 🙂",
                    "5 😄"
                  ],
                  "pcsMultipleChoices": [
                    {
                      "text": "1 😡",
                      "value": 1,
                      "reportingValue": "1"
                    },
                    {
                      "text": "2 🙁",
                      "value": 2,
                      "reportingValue": "2"
                    },
                    {
                      "text": "3 😐",
                      "value": 3,
                      "reportingValue": "3"
                    },
                    {
                      "text": "4 🙂",
                      "value": 4,
                      "reportingValue": "4"
                    },
                    {
                      "text": "5 😄",
                      "value": 5,
                      "reportingValue": "5"
                    }
                  ],
                  "pcsQuickReplyValues": [
                    {
                      "text": "1 😡",
                      "value": 1,
                      "reportingValue": "1"
                    },
                    {
                      "text": "2 🙁",
                      "value": 2,
                      "reportingValue": "2"
                    },
                    {
                      "text": "3 😐",
                      "value": 3,
                      "reportingValue": "3"
                    },
                    {
                      "text": "4 🙂",
                      "value": 4,
                      "reportingValue": "4"
                    },
                    {
                      "text": "5 😄",
                      "value": 5,
                      "reportingValue": "5"
                    }
                  ],
                  "displayChoice": "QUICK_REPLY",
                  "textStyle": "ABC",
                  "chatMessageQuickReplies": [
                    {
                      "type": "text",
                      "title": "1 😡",
                      "value": 1,
                      "reportingValue": "1"
                    },
                    {
                      "type": "text",
                      "title": "2 🙁",
                      "value": 2,
                      "reportingValue": "2"
                    },
                    {
                      "type": "text",
                      "title": "3 😐",
                      "value": 3,
                      "reportingValue": "3"
                    },
                    {
                      "type": "text",
                      "title": "4 🙂",
                      "value": 4,
                      "reportingValue": "4"
                    },
                    {
                      "type": "text",
                      "title": "5 😄",
                      "value": 5,
                      "reportingValue": "5"
                    }
                  ],
                  "choicesPerRow": 4,
                  "nonPcsChatMessageQuickReplies": [
                    {
                      "type": "text",
                      "title": "1 😡"
                    },
                    {
                      "type": "text",
                      "title": "2 🙁"
                    },
                    {
                      "type": "text",
                      "title": "3 😐"
                    },
                    {
                      "type": "text",
                      "title": "4 🙂"
                    },
                    {
                      "type": "text",
                      "title": "5 😄"
                    }
                  ]
                }
              }
            ]
          }
        }
      },
      "group": "2018b6c3-fb6d-4ddc-b349-01959a505df9",
      "status": "ACTIVE",
      "required": true,
      "nextMessageId": "16f41d04bee3cf5cde4632f7027ce6778be2c873",
      "prevMessageId": "893e9a8cc841dde4fcc99079e1c3d715b1eac997",
      "responseMatches": [
        {
          "name": "RULE_1",
          "conditions": [
            {
              "matchType": "EVAL_OPTION",
              "evaluateOptionMatch": {
                "value": "1 😡"
              }
            }
          ],
          "contextConditions": [],
          "action": {
            "name": "INTERACTION",
            "value": "next"
          },
          "contextDataVariables": []
        },
        {
          "name": "RULE_2",
          "conditions": [
            {
              "matchType": "EVAL_OPTION",
              "evaluateOptionMatch": {
                "value": "2 🙁"
              }
            }
          ],
          "contextConditions": [],
          "action": {
            "name": "INTERACTION",
            "value": "next"
          },
          "contextDataVariables": []
        },
        {
          "name": "RULE_3",
          "conditions": [
            {
              "matchType": "EVAL_OPTION",
              "evaluateOptionMatch": {
                "value": "3 😐"
              }
            }
          ],
          "contextConditions": [],
          "action": {
            "name": "INTERACTION",
            "value": "next"
          },
          "contextDataVariables": []
        },
        {
          "name": "RULE_4",
          "conditions": [
            {
              "matchType": "EVAL_OPTION",
              "evaluateOptionMatch": {
                "value": "4 🙂"
              }
            }
          ],
          "contextConditions": [],
          "action": {
            "name": "INTERACTION",
            "value": "next"
          },
          "contextDataVariables": []
        },
        {
          "name": "RULE_5",
          "conditions": [
            {
              "matchType": "EVAL_OPTION",
              "evaluateOptionMatch": {
                "value": "5 😄"
              }
            }
          ],
          "contextConditions": [],
          "action": {
            "name": "INTERACTION",
            "value": "next"
          },
          "contextDataVariables": []
        }
      ],
      "interactionType": "CSAT",
      "changeResponse": {
        "enabled": true
      },
      "cancelResponse": {
        "enabled": true
      }
    },
    {
      "id": "7f9c276e85b0fd40a3c5685f51b9114e921351b1",
      "chatBotId": "d8d6121f-1d56-4799-b534-24a62c9c73cc",
      "userInputRequired": false,
      "name": "Close - Msg",
      "type": "BOT_MESSAGE",
      "content": {
        "contentType": "STATIC",
        "results": {
          "type": "TEXT",
          "tile": {
            "tileData": [
              {
                "text": "Thanks for contacting us. 😄",
                "buttons": [],
                "quickReplyList": []
              }
            ]
          }
        }
      },
      "group": "2018b6c3-fb6d-4ddc-b349-01959a505df9",
      "status": "ACTIVE",
      "required": true,
      "prevMessageId": "16f41d04bee3cf5cde4632f7027ce6778be2c873",
      "responseMatches": [
        {
          "conditions": [],
          "contextConditions": [],
          "action": {
            "name": "INTERACTION",
            "value": "close_dialog"
          },
          "contextDataVariables": []
        }
      ],
      "interactionType": "TEXT"
    },
    {
      "id": "893e9a8cc841dde4fcc99079e1c3d715b1eac997",
      "chatBotId": "d8d6121f-1d56-4799-b534-24a62c9c73cc",
      "userInputRequired": false,
      "name": "fcr_1",
      "type": "BOT_MESSAGE",
      "content": {
        "contentType": "STATIC",
        "results": {
          "type": "FCR",
          "tile": {
            "tileData": [
              {
                "text": "Were you able to resolve your inquiry today?",
                "buttons": [],
                "quickReplyList": [],
                "pcsWidget": {
                  "multipleChoices": [
                    "Yes",
                    "No"
                  ],
                  "pcsMultipleChoices": [
                    {
                      "text": "Yes",
                      "value": 1,
                      "reportingValue": "1"
                    },
                    {
                      "text": "No",
                      "value": 0,
                      "reportingValue": "0"
                    }
                  ],
                  "pcsQuickReplyValues": [
                    {
                      "text": "Yes",
                      "value": 1,
                      "reportingValue": "1"
                    },
                    {
                      "text": "No",
                      "value": 0,
                      "reportingValue": "0"
                    }
                  ],
                  "displayChoice": "QUICK_REPLY",
                  "textStyle": "ABC",
                  "chatMessageQuickReplies": [
                    {
                      "type": "text",
                      "title": "Yes",
                      "value": 1,
                      "reportingValue": "1"
                    },
                    {
                      "type": "text",
                      "title": "No",
                      "value": 0,
                      "reportingValue": "0"
                    }
                  ],
                  "choicesPerRow": 4,
                  "nonPcsChatMessageQuickReplies": [
                    {
                      "type": "text",
                      "title": "Yes"
                    },
                    {
                      "type": "text",
                      "title": "No"
                    }
                  ]
                }
              }
            ]
          }
        }
      },
      "group": "2018b6c3-fb6d-4ddc-b349-01959a505df9",
      "status": "ACTIVE",
      "required": true,
      "nextMessageId": "62108ede408ba3116da7d2b76d10e9d34ed74ba3",
      "responseMatches": [
        {
          "name": "RULE_YES",
          "conditions": [
            {
              "matchType": "EVAL_OPTION",
              "evaluateOptionMatch": {
                "value": "Yes"
              }
            }
          ],
          "contextConditions": [],
          "action": {
            "name": "INTERACTION",
            "value": "next"
          },
          "contextDataVariables": []
        },
        {
          "name": "RULE_NO",
          "conditions": [
            {
              "matchType": "EVAL_OPTION",
              "evaluateOptionMatch": {
                "value": "No"
              }
            }
          ],
          "contextConditions": [],
          "action": {
            "name": "INTERACTION",
            "value": "next"
          },
          "contextDataVariables": []
        }
      ],
      "interactionType": "FCR",
      "changeResponse": {
        "enabled": true
      },
      "cancelResponse": {
        "enabled": true
      }
    }
  ],
  "menus": [],
  "groups": [
    {
      "chatBotId": "d8d6121f-1d56-4799-b534-24a62c9c73cc",
      "id": "2018b6c3-fb6d-4ddc-b349-01959a505df9",
      "name": "survey",
      "creationTime": "2023-06-27 06:23:40",
      "modificationTime": "2023-06-27 06:23:40",
      "dialogType": "SURVEY_DIALOG",
      "status": "ENABLED",
      "disambiguteOnlySelectedDomains": false
    }
  ],
  "platforms": [
    {
      "id": "3f7db71aa16e251f7d5330e8d3457228800cae98",
      "chatbotId": "d8d6121f-1d56-4799-b534-24a62c9c73cc",
      "integrationType": "HTMLCLIENT",
      "platform": "HTMLCLIENT",
      "status": "NEW"
    }
  ],
  "associatedDomains": [],
  "dialogTemplates": []
}