{
  "hash": "642654401",
  "bot": {
    "id": "2e0216ce-0819-4a61-8d45-c1c6e478f5e1",
    "name": "LP Brand Greeter",
    "chatBotType": "CUSTOMER_FACING_BOT",
    "status": "NEW",
    "getStartedButtonPayload": "hi",
    "creationTime": 1683696583639,
    "modificationTime": 1707112375771,
    "demo": false,
    "skipNLP": false,
    "language": "en-US",
    "botAttributes": {
      "ENABLE_AGENT_ANNOTATIONS": "false",
      "ENABLE_DEBUG": "true",
      "PCS_FALLBACK_LIMIT": "3",
      "SMALL_TALK_ENABLED": "false",
      "URL_SHORTENING_ENABLED": "false"
    },
    "sessionLength": 0,
    "passThroughMode": false,
    "transcriptDisabled": false,
    "version": "2",
    "publicBot": false,
    "transferGroupId": "eeb12341-2ea7-45ce-9ad5-a04541e5fe17",
    "channel": "MESSAGING",
    "readOnly": false,
    "smallTalkEnabled": false
  },
  "responder": [
    {
      "chatbotId": "2e0216ce-0819-4a61-8d45-c1c6e478f5e1",
      "id": "ee1cc277-a634-4916-8015-ba27bf4a1d69",
      "name": "SET_SDE_MOVIE",
      "method": "POST",
      "defaultValues": [
        {
          "key": "title"
        },
        {
          "key": "subTitle"
        },
        {
          "key": "image"
        },
        {
          "key": "itemUrl"
        }
      ],
      "postBody": "{\"visitorId\":\"{$botContext.visitorId}\",\"sessionId\":\"{$botContext.sessionId}\",\"customerId\":\"{$botContext.movieName}\"}",
      "results": {
        "type": "TEXT",
        "tile": {
          "tileData": [
            {
              "buttons": [],
              "quickReplyList": []
            }
          ]
        }
      },
      "group": "Responders",
      "responseDataVariable": "SET_SDE_MOVIE",
      "integrationType": "FAAS",
      "leAccountId": "9994318",
      "faasLambdaUuid": "a1651f7d-540a-4184-bd6f-78cea8221e2e",
      "tangoContextEnabled": false
    },
    {
      "chatbotId": "2e0216ce-0819-4a61-8d45-c1c6e478f5e1",
      "id": "ee2b9825-bf5e-4833-bc34-82d7b6076003",
      "name": "SET_SDE_USER_DETAILS",
      "method": "POST",
      "defaultValues": [
        {
          "key": "title"
        },
        {
          "key": "subTitle"
        },
        {
          "key": "image"
        },
        {
          "key": "itemUrl"
        }
      ],
      "postBody": "{\"visitorId\":\"{$botContext.visitorId}\",\"sessionId\":\"{$botContext.sessionId}\",\"firstName\":\"{$botContext.firstName}\",\"lastName\":\"{$botContext.lastName}\",\"visitorMail\":\"{$botContext.email}\"}",
      "results": {
        "type": "TEXT",
        "tile": {
          "tileData": [
            {
              "buttons": [],
              "quickReplyList": []
            }
          ]
        }
      },
      "group": "Responders",
      "responseDataVariable": "SET_SDE_USER_DETAILS",
      "integrationType": "FAAS",
      "leAccountId": "9994318",
      "faasLambdaUuid": "a1651f7d-540a-4184-bd6f-78cea8221e2e",
      "tangoContextEnabled": false
    }
  ],
  "requiredContext": [],
  "conversationMessage": [
    {
      "id": "0b0d3bbaa74b0f253dc1d02d56af17987c74410c",
      "chatBotId": "2e0216ce-0819-4a61-8d45-c1c6e478f5e1",
      "userInputRequired": false,
      "name": "dialog_starter_4",
      "type": "BOT_MESSAGE",
      "content": {
        "contentType": "STATIC",
        "results": {
          "type": "DIALOG_STARTER",
          "tile": {
            "tileData": [
              {
                "buttons": [],
                "quickReplyList": []
              }
            ]
          }
        }
      },
      "group": "4b1857e0-7fbc-4ea7-8b72-f6c5828525c9",
      "status": "ACTIVE",
      "required": true,
      "nextMessageId": "babec612e249829b8238593b153fd2c3e842617a",
      "responseMatches": [
        {
          "name": "RULE_1",
          "conditions": [],
          "contextConditions": [],
          "action": {
            "name": "INTERACTION",
            "value": "next"
          },
          "contextDataVariables": []
        }
      ],
      "interactionType": "DIALOG_STARTER"
    },
    {
      "id": "286c8305e7d97f37aa259af282dacc9e9c832342",
      "chatBotId": "2e0216ce-0819-4a61-8d45-c1c6e478f5e1",
      "userInputRequired": false,
      "name": "dialog_starter_21",
      "type": "BOT_MESSAGE",
      "content": {
        "contentType": "STATIC",
        "results": {
          "type": "DIALOG_STARTER",
          "tile": {
            "tileData": [
              {
                "buttons": [],
                "quickReplyList": []
              }
            ]
          }
        }
      },
      "group": "7cb7cda4-922a-4a19-8f00-f4d130a83270",
      "status": "ACTIVE",
      "required": true,
      "nextMessageId": "9c2249d1f265bffc6d1d31280333be13adba7996",
      "responseMatches": [
        {
          "name": "RULE_1",
          "conditions": [],
          "contextConditions": [],
          "action": {
            "name": "INTERACTION",
            "value": "next"
          },
          "contextDataVariables": []
        }
      ],
      "interactionType": "DIALOG_STARTER"
    },
    {
      "id": "2cbd4d300025c6d39d4cd6481d83e1c992074ca7",
      "chatBotId": "2e0216ce-0819-4a61-8d45-c1c6e478f5e1",
      "userInputRequired": false,
      "name": "dialog_starter",
      "pattern": [
        "English*",
        "english*"
      ],
      "type": "BOT_MESSAGE",
      "content": {
        "contentType": "STATIC",
        "results": {
          "type": "DIALOG_STARTER",
          "tile": {
            "tileData": [
              {
                "buttons": [],
                "quickReplyList": []
              }
            ],
            "sampleUserInput": "Hello!!"
          }
        }
      },
      "preProcessMessage": "var d = new Date(); \nif (botContext.getBotVariable('lastVisited') != null) { \n    botContext.setTriggerNextMessage('Welcome Back');\n} else { \n    botContext.setBotVariable('lastVisited',d,false,true); \n}",
      "group": "8db6450b-6ce4-459b-af3d-8e40140736d8",
      "status": "ACTIVE",
      "nextMessageId": "6d62f0eaface7f4ae4acb8357e15893e6eb6d51a",
      "responseMatches": [
        {
          "name": "RULE_1",
          "conditions": [],
          "contextConditions": [],
          "action": {
            "name": "INTERACTION",
            "value": "next"
          },
          "contextDataVariables": []
        }
      ],
      "interactionType": "DIALOG_STARTER"
    },
    {
      "id": "38e82b9bfc3c5bfe4a0da6584ef4843f8071334a",
      "chatBotId": "2e0216ce-0819-4a61-8d45-c1c6e478f5e1",
      "userInputRequired": false,
      "name": "1-2 USR Issue Text",
      "type": "BOT_MESSAGE",
      "content": {
        "contentType": "STATIC",
        "results": {
          "type": "TEXT_QUESTION",
          "tile": {
            "tileData": [
              {
                "text": "Got it. In a few words, can you summarize what you're reaching out about?",
                "buttons": [],
                "quickReplyList": []
              }
            ]
          }
        }
      },
      "processUserResponse": "var userResponse=botContext.getCurrentUserMessage();\nbotContext.setBotVariable(\"userIssue\",userResponse,true,false);",
      "group": "4b1857e0-7fbc-4ea7-8b72-f6c5828525c9",
      "status": "DISABLED",
      "required": true,
      "nextMessageId": "5f9ab73b47a8449afe0ebf7ebdabc12a6f5d913b",
      "prevMessageId": "6f37d0a222141237fd7dbe3ca88cd3c124a579c2",
      "responseMatches": [
        {
          "name": "RULE_1",
          "conditions": [],
          "contextConditions": [],
          "action": {
            "name": "INTERACTION",
            "value": "next"
          },
          "contextDataVariables": []
        }
      ],
      "interactionType": "TEXT_QUESTION",
      "changeResponse": {
        "enabled": true
      },
      "cancelResponse": {
        "enabled": true
      }
    },
    {
      "id": "468d6de458952b826db055806dd302e7ff2a85db",
      "chatBotId": "2e0216ce-0819-4a61-8d45-c1c6e478f5e1",
      "userInputRequired": false,
      "name": "api_integration_24",
      "type": "BOT_MESSAGE",
      "content": {
        "contentType": "DYNAMIC",
        "responderName": "SET_SDE_MOVIE",
        "responderId": "ee1cc277-a634-4916-8015-ba27bf4a1d69"
      },
      "group": "7cb7cda4-922a-4a19-8f00-f4d130a83270",
      "status": "ACTIVE",
      "required": true,
      "nextMessageId": "595c322f16e15db4640a839aa791b9e2cc160996",
      "prevMessageId": "9c2249d1f265bffc6d1d31280333be13adba7996",
      "responseMatches": [
        {
          "conditions": [],
          "contextConditions": [],
          "action": {
            "name": "INTERACTION",
            "value": "next"
          },
          "contextDataVariables": []
        }
      ],
      "interactionType": "API_INTEGRATION",
      "changeResponse": {
        "enabled": true
      },
      "cancelResponse": {
        "enabled": true
      }
    },
    {
      "id": "4eabf8b0918a2970239df47a3896cd3add081419",
      "chatBotId": "2e0216ce-0819-4a61-8d45-c1c6e478f5e1",
      "userInputRequired": false,
      "name": "text_question_17",
      "type": "BOT_MESSAGE",
      "content": {
        "contentType": "STATIC",
        "results": {
          "type": "TEXT_QUESTION",
          "tile": {
            "tileData": [
              {
                "text": "There should be an '@', followed by a domain (name@email.com).\n\nWas the email address you used to place the order?",
                "buttons": [],
                "quickReplyList": []
              }
            ]
          }
        }
      },
      "group": "04d120de-1227-4e12-92fe-281a71991c21",
      "status": "ACTIVE",
      "required": true,
      "nextMessageId": "fc4127149b0bfdc8c299363ccee0071f9af55f1c",
      "prevMessageId": "9f37794787c5efe35ee5140061e68c7e21a386b5",
      "responseMatches": [
        {
          "name": "Email",
          "conditions": [
            {
              "matchType": "REGEX",
              "regexMatch": {
                "regexText": "^(([^<>()\\[\\]\\\\.,;:\\s@\"]+(\\.[^<>()\\[\\]\\\\.,;:\\s@\"]+)*)|(\".+\"))@((\\[[0-9]{1,3}\\.[0-9]{1,3}\\.[0-9]{1,3}\\.[0-9]{1,3}])|(([a-zA-Z\\-0-9]+\\.)+[a-zA-Z]{2,}))$",
                "excludeKeywords": []
              }
            }
          ],
          "contextConditions": [],
          "contextMatchConditionType": "ANY",
          "action": {
            "name": "INTERACTION",
            "value": "next"
          },
          "contextDataVariables": [
            {
              "name": "email",
              "value": "{$userMessage}",
              "scope": "SESSION"
            }
          ]
        },
        {
          "name": "No Match",
          "conditions": [
            {
              "matchType": "NO_MATCH",
              "noMatch": {}
            }
          ],
          "contextConditions": [],
          "contextMatchConditionType": "ANY",
          "action": {
            "name": "INTERACTION",
            "value": "fc4127149b0bfdc8c299363ccee0071f9af55f1c"
          },
          "contextDataVariables": [
            {
              "name": "email",
              "value": "{$userMessage}",
              "scope": "SESSION"
            }
          ]
        }
      ],
      "interactionType": "TEXT_QUESTION",
      "changeResponse": {
        "enabled": true
      },
      "cancelResponse": {
        "enabled": true
      }
    },
    {
      "id": "56ba44f2cff7b9ef0b965827d84faec4f0c78ad7",
      "chatBotId": "2e0216ce-0819-4a61-8d45-c1c6e478f5e1",
      "userInputRequired": false,
      "name": "1-2 USR LNAME Reprompt",
      "type": "BOT_MESSAGE",
      "content": {
        "contentType": "STATIC",
        "results": {
          "type": "TEXT_QUESTION",
          "tile": {
            "tileData": [
              {
                "text": "Hmm, that doesn't look quite right. I'm looking for just your first name.\nLet's try that again. Can I get your name?",
                "buttons": [],
                "quickReplyList": []
              }
            ]
          }
        }
      },
      "processUserResponse": "var userResponse=botContext.getCurrentUserMessage();\nbotContext.setBotVariable(\"firstName\",userResponse,true,false);\nbotContext.setTriggerNextMessage(\"1-2 USR Email Reprompt\");",
      "group": "4b1857e0-7fbc-4ea7-8b72-f6c5828525c9",
      "status": "DISABLED",
      "required": true,
      "nextMessageId": "e664ae549b3708b246fb1afe449510c6a4391aac",
      "prevMessageId": "c268af821ccb0c09bf55d30aa571d3a0c3b7f0db",
      "responseMatches": [
        {
          "name": "RULE_1",
          "conditions": [],
          "contextConditions": [],
          "action": {
            "name": "INTERACTION",
            "value": "e664ae549b3708b246fb1afe449510c6a4391aac"
          },
          "contextDataVariables": []
        }
      ],
      "interactionType": "TEXT_QUESTION",
      "changeResponse": {
        "enabled": true
      },
      "cancelResponse": {
        "enabled": true
      }
    },
    {
      "id": "595c322f16e15db4640a839aa791b9e2cc160996",
      "chatBotId": "2e0216ce-0819-4a61-8d45-c1c6e478f5e1",
      "userInputRequired": false,
      "name": "escalation_23",
      "type": "BOT_MESSAGE",
      "content": {
        "contentType": "DYNAMIC",
        "results": {
          "type": "ESCALATION",
          "tile": {
            "tileData": [
              {
                "text": "BLANK_MESSAGE",
                "buttons": [],
                "quickReplyList": [],
                "escalation": {
                  "agentSkillId": "4112883138",
                  "tangoContextEnabled": true
                }
              }
            ]
          }
        }
      },
      "group": "7cb7cda4-922a-4a19-8f00-f4d130a83270",
      "status": "ACTIVE",
      "required": true,
      "prevMessageId": "468d6de458952b826db055806dd302e7ff2a85db",
      "responseMatches": [
        {
          "conditions": [],
          "contextConditions": [],
          "action": {
            "name": "INTERACTION",
            "value": "next"
          },
          "contextDataVariables": []
        }
      ],
      "interactionType": "ESCALATION",
      "changeResponse": {
        "enabled": true
      },
      "cancelResponse": {
        "enabled": true
      }
    },
    {
      "id": "5c66cbcd3a5d9b39de4fc057ba2a9daf7e15624d",
      "chatBotId": "2e0216ce-0819-4a61-8d45-c1c6e478f5e1",
      "userInputRequired": false,
      "name": "text_question_12",
      "type": "BOT_MESSAGE",
      "content": {
        "contentType": "STATIC",
        "results": {
          "type": "TEXT_QUESTION",
          "tile": {
            "tileData": [
              {
                "text": "To start, can I get your first name?",
                "buttons": [],
                "quickReplyList": []
              }
            ]
          }
        }
      },
      "group": "04d120de-1227-4e12-92fe-281a71991c21",
      "status": "ACTIVE",
      "required": true,
      "nextMessageId": "775afba0369f8c0889400293583506c16c4c7944",
      "prevMessageId": "69371845d2e3f4fb407b22ecfc93de5c82e66f31",
      "responseMatches": [
        {
          "name": "Name",
          "conditions": [
            {
              "matchType": "REGEX",
              "regexMatch": {
                "regexText": "^\\s*([a-zA-Z]+\\s*){2,3}$",
                "excludeKeywords": []
              }
            }
          ],
          "contextConditions": [],
          "contextMatchConditionType": "ANY",
          "action": {
            "name": "INTERACTION",
            "value": "9dacb619a08b34c45b899693e6c4620933c57028"
          },
          "contextDataVariables": [
            {
              "name": "firstName",
              "value": "{$userMessage}",
              "scope": "SESSION"
            }
          ]
        },
        {
          "name": "No Match",
          "conditions": [
            {
              "matchType": "NO_MATCH",
              "noMatch": {}
            }
          ],
          "contextConditions": [],
          "contextMatchConditionType": "ANY",
          "action": {
            "name": "INTERACTION",
            "value": "775afba0369f8c0889400293583506c16c4c7944"
          },
          "contextDataVariables": []
        }
      ],
      "interactionType": "TEXT_QUESTION",
      "changeResponse": {
        "enabled": true
      },
      "cancelResponse": {
        "enabled": true
      },
      "interactionDelay": "5000"
    },
    {
      "id": "5f9ab73b47a8449afe0ebf7ebdabc12a6f5d913b",
      "chatBotId": "2e0216ce-0819-4a61-8d45-c1c6e478f5e1",
      "userInputRequired": false,
      "name": "1-2 ESCL Msg",
      "type": "BOT_MESSAGE",
      "content": {
        "contentType": "STATIC",
        "results": {
          "type": "TEXT",
          "tile": {
            "tileData": [
              {
                "text": "Thanks! I'll pass this along. Someone will reach out as soon as they're available.\n",
                "buttons": [],
                "quickReplyList": []
              }
            ]
          }
        }
      },
      "group": "4b1857e0-7fbc-4ea7-8b72-f6c5828525c9",
      "status": "DISABLED",
      "required": true,
      "nextMessageId": "c79874952f73be6e9a83154cb0134fdd927b3126",
      "prevMessageId": "38e82b9bfc3c5bfe4a0da6584ef4843f8071334a",
      "responseMatches": [
        {
          "name": "RULE_1",
          "conditions": [],
          "contextConditions": [],
          "action": {
            "name": "INTERACTION",
            "value": "next"
          },
          "contextDataVariables": []
        }
      ],
      "interactionType": "TEXT"
    },
    {
      "id": "6035030df307e72cb34661a38eaab823112bf4a7",
      "chatBotId": "2e0216ce-0819-4a61-8d45-c1c6e478f5e1",
      "userInputRequired": false,
      "name": "escalation_26",
      "type": "BOT_MESSAGE",
      "content": {
        "contentType": "DYNAMIC",
        "results": {
          "type": "ESCALATION",
          "tile": {
            "tileData": [
              {
                "text": "Hola transfiriendo a tu experto",
                "buttons": [],
                "quickReplyList": [],
                "escalation": {
                  "agentSkillId": "4170538438",
                  "tangoContextEnabled": true
                }
              }
            ]
          }
        }
      },
      "group": "9bbd77d1-368b-42f8-8cf3-febfb9ab8359",
      "status": "ACTIVE",
      "required": true,
      "prevMessageId": "b4bd69fd589a0c2d3ac26e41be132906947a289d",
      "responseMatches": [
        {
          "name": "RULE_1",
          "conditions": [],
          "contextConditions": [],
          "action": {
            "name": "INTERACTION",
            "value": "next"
          },
          "contextDataVariables": []
        }
      ],
      "interactionType": "ESCALATION",
      "changeResponse": {
        "enabled": true
      },
      "cancelResponse": {
        "enabled": true
      }
    },
    {
      "id": "69371845d2e3f4fb407b22ecfc93de5c82e66f31",
      "chatBotId": "2e0216ce-0819-4a61-8d45-c1c6e478f5e1",
      "userInputRequired": false,
      "name": "Agent Transfer-Start",
      "type": "BOT_MESSAGE",
      "content": {
        "contentType": "STATIC",
        "results": {
          "type": "TEXT",
          "tile": {
            "tileData": [
              {
                "text": "Alright, I'll just grab a bit of info from you to speed things along, and then I'll get you to the right person.",
                "buttons": [],
                "quickReplyList": []
              }
            ]
          }
        }
      },
      "group": "04d120de-1227-4e12-92fe-281a71991c21",
      "status": "ACTIVE",
      "required": true,
      "nextMessageId": "5c66cbcd3a5d9b39de4fc057ba2a9daf7e15624d",
      "prevMessageId": "b681a32803ed76e38b4d452ce7638653bd277fda",
      "responseMatches": [
        {
          "name": "RULE_1",
          "conditions": [],
          "contextConditions": [],
          "action": {
            "name": "INTERACTION",
            "value": "next"
          },
          "contextDataVariables": []
        }
      ],
      "interactionType": "TEXT",
      "interactionDelay": "2500"
    },
    {
      "id": "6d62f0eaface7f4ae4acb8357e15893e6eb6d51a",
      "chatBotId": "2e0216ce-0819-4a61-8d45-c1c6e478f5e1",
      "userInputRequired": false,
      "name": "Check_Agent",
      "type": "BOT_MESSAGE",
      "content": {
        "contentType": "STATIC",
        "results": {
          "type": "TEXT",
          "tile": {
            "tileData": [
              {
                "text": "BLANK_MESSAGE",
                "buttons": [],
                "quickReplyList": []
              }
            ]
          }
        }
      },
      "preProcessMessage": "//var OOH = true;\n//var OOH = false;\n//botContext.setBotVariable(\"OOH\",OOH,true,false); \n\n\nvar hoursSpec = [\n    \"REG_HOURS~9:00~22:00\",\n    \"AFTER_HOURS~22:00~9:00\",\n    \"FRIDAY|WKEND_REG_HOURS~9:00~22:00\",\n    \"FRIDAY|WKEND_AFTER_HOURS~22:00~9:00\",\n    \"SATURDAY|WKEND_REG_HOURS~12:00~21:00\",\n    \"SATURDAY|WKEND_AFTER_HOURS~21:00~12:00\",\n    \"SUNDAY|WKEND_REG_HOURS~12:00~21:00\",\n    \"SUNDAY|WKEND_AFTER_HOURS~21:00~12:00\",\n];\n\n\nvar type = botContext.getHoursType(hoursSpec, \"Asia/Kolkata\");\nbotContext.printDebugMessage(type);\n\n\n// TEST FOR type and set the transferMessage to result\nswitch(type){\n  case \"REG_HOURS\":\n  case \"WKEND_REG_HOURS\":\n  case \"SATURDAY|WKEND_REG_HOURS\":\n  case \"SUNDAY|WKEND_REG_HOURS\":\n    botContext.setBotVariable(\"OOH\",\"false\",true,false);\n    botContext.setTriggerNextMessage('OOH- NO');\n    break;\n\n  case \"AFTER_HOURS\":\n  case \"SATURDAY|WKEND_AFTER_HOURS\":\n  case \"SUNDAY|WKEND_AFTER_HOURS\":\n    botContext.setBotVariable(\"OOH\",\"true\",true,false);\n    botContext.setTriggerNextMessage('OOH- YES');\n    break;\n}",
      "group": "8db6450b-6ce4-459b-af3d-8e40140736d8",
      "status": "ACTIVE",
      "nextMessageId": "8c874823bb0fb85a36ab58e368b58834516d5925",
      "prevMessageId": "2cbd4d300025c6d39d4cd6481d83e1c992074ca7",
      "responseMatches": [
        {
          "name": "RULE_1",
          "conditions": [],
          "contextConditions": [],
          "action": {
            "name": "INTERACTION",
            "value": "none"
          },
          "contextDataVariables": []
        }
      ],
      "interactionType": "TEXT"
    },
    {
      "id": "6f37d0a222141237fd7dbe3ca88cd3c124a579c2",
      "chatBotId": "2e0216ce-0819-4a61-8d45-c1c6e478f5e1",
      "userInputRequired": false,
      "name": "1-2 USR Email Reprompt",
      "type": "BOT_MESSAGE",
      "content": {
        "contentType": "STATIC",
        "results": {
          "type": "TEXT_QUESTION",
          "tile": {
            "tileData": [
              {
                "text": "There should be an '@', followed by a domain (name@email.com).\nWas the email address you used to place the order?",
                "buttons": [],
                "quickReplyList": []
              }
            ]
          }
        }
      },
      "processUserResponse": "var userResponse=botContext.getCurrentUserMessage();\nbotContext.setBotVariable(\"email\",userResponse, true, false);",
      "group": "4b1857e0-7fbc-4ea7-8b72-f6c5828525c9",
      "status": "DISABLED",
      "required": true,
      "nextMessageId": "38e82b9bfc3c5bfe4a0da6584ef4843f8071334a",
      "prevMessageId": "e664ae549b3708b246fb1afe449510c6a4391aac",
      "responseMatches": [
        {
          "name": "RULE_1",
          "conditions": [],
          "contextConditions": [],
          "action": {
            "name": "INTERACTION",
            "value": "next"
          },
          "contextDataVariables": []
        }
      ],
      "interactionType": "TEXT_QUESTION",
      "changeResponse": {
        "enabled": true
      },
      "cancelResponse": {
        "enabled": true
      }
    },
    {
      "id": "775afba0369f8c0889400293583506c16c4c7944",
      "chatBotId": "2e0216ce-0819-4a61-8d45-c1c6e478f5e1",
      "userInputRequired": false,
      "name": "text_question_13",
      "type": "BOT_MESSAGE",
      "content": {
        "contentType": "STATIC",
        "results": {
          "type": "TEXT_QUESTION",
          "tile": {
            "tileData": [
              {
                "text": "Hmm, that doesn't look quite right. I'm looking for just your first name.\n\nLet's try that again. Can I get your name?",
                "buttons": [],
                "quickReplyList": []
              }
            ]
          }
        }
      },
      "group": "04d120de-1227-4e12-92fe-281a71991c21",
      "status": "ACTIVE",
      "required": true,
      "nextMessageId": "9dacb619a08b34c45b899693e6c4620933c57028",
      "prevMessageId": "5c66cbcd3a5d9b39de4fc057ba2a9daf7e15624d",
      "responseMatches": [
        {
          "name": "Name",
          "conditions": [
            {
              "matchType": "PATTERN",
              "patternMatch": {
                "patterns": [
                  "^\\s*([a-zA-Z]+\\s*){2,3}$"
                ],
                "excludeKeywords": []
              }
            }
          ],
          "contextConditions": [],
          "contextMatchConditionType": "ANY",
          "action": {
            "name": "INTERACTION",
            "value": "9dacb619a08b34c45b899693e6c4620933c57028"
          },
          "contextDataVariables": [
            {
              "name": "firstName",
              "value": "{$userMessage}",
              "scope": "SESSION"
            }
          ]
        },
        {
          "name": "No Match",
          "conditions": [
            {
              "matchType": "NO_MATCH",
              "noMatch": {}
            }
          ],
          "contextConditions": [],
          "contextMatchConditionType": "ANY",
          "action": {
            "name": "INTERACTION",
            "value": "9dacb619a08b34c45b899693e6c4620933c57028"
          },
          "contextDataVariables": [
            {
              "name": "firstName",
              "value": "{$userMessage}",
              "scope": "SESSION"
            }
          ]
        }
      ],
      "interactionType": "TEXT_QUESTION",
      "changeResponse": {
        "enabled": true
      },
      "cancelResponse": {
        "enabled": true
      }
    },
    {
      "id": "81bda9c3f6d0eaf848d4083a5af16b67db96f0e3",
      "chatBotId": "2e0216ce-0819-4a61-8d45-c1c6e478f5e1",
      "userInputRequired": false,
      "name": "fallback_starter",
      "type": "BOT_MESSAGE",
      "content": {
        "contentType": "STATIC",
        "results": {
          "type": "TEXT",
          "tile": {
            "tileData": [
              {
                "text": "Sorry, I am not able to understand. Greeter Fallback",
                "buttons": [],
                "quickReplyList": []
              }
            ]
          }
        }
      },
      "group": "1ffa1247-8cd5-4685-ba4f-c37767f5a9eb",
      "status": "ACTIVE",
      "responseMatches": [
        {
          "name": "RULE_1",
          "conditions": [],
          "contextConditions": [],
          "action": {
            "name": "INTERACTION",
            "value": "next"
          },
          "contextDataVariables": []
        }
      ],
      "interactionType": "TEXT"
    },
    {
      "id": "890a40a06d97ed2fdcab0138fc109ce7874bd249",
      "chatBotId": "2e0216ce-0819-4a61-8d45-c1c6e478f5e1",
      "userInputRequired": false,
      "name": "text_19",
      "type": "BOT_MESSAGE",
      "content": {
        "contentType": "STATIC",
        "results": {
          "type": "TEXT",
          "tile": {
            "tileData": [
              {
                "text": "Thanks! I'll pass this along. Someone will reach out as soon as they're available.",
                "buttons": [],
                "quickReplyList": []
              }
            ]
          }
        }
      },
      "group": "04d120de-1227-4e12-92fe-281a71991c21",
      "status": "ACTIVE",
      "required": true,
      "nextMessageId": "c33b4d5aca3a35b900fa28353caf42b25c18400f",
      "prevMessageId": "b12b26cb465579104b85f75ef5af4a734727f992",
      "responseMatches": [
        {
          "name": "RULE_1",
          "conditions": [],
          "contextConditions": [],
          "action": {
            "name": "INTERACTION",
            "value": "next"
          },
          "contextDataVariables": []
        }
      ],
      "interactionType": "TEXT"
    },
    {
      "id": "8c874823bb0fb85a36ab58e368b58834516d5925",
      "chatBotId": "2e0216ce-0819-4a61-8d45-c1c6e478f5e1",
      "userInputRequired": false,
      "name": "OOH- YES",
      "type": "BOT_MESSAGE",
      "content": {
        "contentType": "STATIC",
        "results": {
          "type": "TEXT",
          "tile": {
            "tileData": [
              {
                "text": "Hi! I'm your virtual assistant.\n\nOur business hours are Monday-Friday 9am-10pm Eastern, and Saturday-Sunday 12pm-9pm Eastern.\n\nIn the meantime, I can grab a bit of info from you to pass along as soon as our team members are back online.",
                "buttons": [],
                "quickReplyList": []
              }
            ]
          }
        }
      },
      "group": "8db6450b-6ce4-459b-af3d-8e40140736d8",
      "status": "ACTIVE",
      "required": true,
      "nextMessageId": "c41e10c1758887328b5913663de2fa4386974afe",
      "prevMessageId": "6d62f0eaface7f4ae4acb8357e15893e6eb6d51a",
      "responseMatches": [
        {
          "name": "RULE_1",
          "conditions": [],
          "contextConditions": [],
          "action": {
            "name": "INTERACTION",
            "value": "babec612e249829b8238593b153fd2c3e842617a"
          },
          "contextDataVariables": []
        }
      ],
      "interactionType": "TEXT",
      "interactionDelay": "2500"
    },
    {
      "id": "9c2249d1f265bffc6d1d31280333be13adba7996",
      "chatBotId": "2e0216ce-0819-4a61-8d45-c1c6e478f5e1",
      "userInputRequired": false,
      "name": "text_question_22",
      "type": "BOT_MESSAGE",
      "content": {
        "contentType": "STATIC",
        "results": {
          "type": "TEXT_QUESTION",
          "tile": {
            "tileData": [
              {
                "text": "Tell me the name of the movie to get information.",
                "buttons": [],
                "quickReplyList": []
              }
            ]
          }
        }
      },
      "processUserResponse": "response = botContext.getCurrentUserMessage();\nbotContext.setBotVariable(\"movieName\", response, true ,false);\nvar mn = botContext.getBotVariable(\"movieName\"); \nbotContext.printDebugMessage(mn); ",
      "group": "7cb7cda4-922a-4a19-8f00-f4d130a83270",
      "status": "ACTIVE",
      "required": true,
      "nextMessageId": "468d6de458952b826db055806dd302e7ff2a85db",
      "prevMessageId": "286c8305e7d97f37aa259af282dacc9e9c832342",
      "responseMatches": [
        {
          "conditions": [],
          "contextConditions": [],
          "action": {
            "name": "INTERACTION",
            "value": "next"
          },
          "contextDataVariables": []
        }
      ],
      "interactionType": "TEXT_QUESTION",
      "changeResponse": {
        "enabled": true
      },
      "cancelResponse": {
        "enabled": true
      }
    },
    {
      "id": "9dacb619a08b34c45b899693e6c4620933c57028",
      "chatBotId": "2e0216ce-0819-4a61-8d45-c1c6e478f5e1",
      "userInputRequired": false,
      "name": "text_question_14",
      "type": "BOT_MESSAGE",
      "content": {
        "contentType": "STATIC",
        "results": {
          "type": "TEXT_QUESTION",
          "tile": {
            "tileData": [
              {
                "text": "And your last name?",
                "buttons": [],
                "quickReplyList": []
              }
            ]
          }
        }
      },
      "group": "04d120de-1227-4e12-92fe-281a71991c21",
      "status": "ACTIVE",
      "required": true,
      "nextMessageId": "9f2bf3cc0daab43627b30650bcf1634d369434ed",
      "prevMessageId": "775afba0369f8c0889400293583506c16c4c7944",
      "responseMatches": [
        {
          "name": "Last Name",
          "conditions": [
            {
              "matchType": "REGEX",
              "regexMatch": {
                "regexText": "^\\s*([a-zA-Z]+\\s*){2,3}$",
                "excludeKeywords": []
              }
            }
          ],
          "contextConditions": [],
          "contextMatchConditionType": "ANY",
          "action": {
            "name": "INTERACTION",
            "value": "9f37794787c5efe35ee5140061e68c7e21a386b5"
          },
          "contextDataVariables": [
            {
              "name": "lastName",
              "value": "{$userMessage}",
              "scope": "SESSION"
            }
          ]
        },
        {
          "name": "No Match",
          "conditions": [
            {
              "matchType": "NO_MATCH",
              "noMatch": {}
            }
          ],
          "contextConditions": [],
          "contextMatchConditionType": "ANY",
          "action": {
            "name": "INTERACTION",
            "value": "9f2bf3cc0daab43627b30650bcf1634d369434ed"
          },
          "contextDataVariables": []
        }
      ],
      "interactionType": "TEXT_QUESTION",
      "changeResponse": {
        "enabled": true
      },
      "cancelResponse": {
        "enabled": true
      }
    },
    {
      "id": "9f2bf3cc0daab43627b30650bcf1634d369434ed",
      "chatBotId": "2e0216ce-0819-4a61-8d45-c1c6e478f5e1",
      "userInputRequired": false,
      "name": "last-name-retry",
      "type": "BOT_MESSAGE",
      "content": {
        "contentType": "STATIC",
        "results": {
          "type": "TEXT_QUESTION",
          "tile": {
            "tileData": [
              {
                "text": "Hmm, that doesn't look quite right. I'm looking for just your last name.\n\nLet's try that again. Can I get your last name?",
                "buttons": [],
                "quickReplyList": []
              }
            ]
          }
        }
      },
      "group": "04d120de-1227-4e12-92fe-281a71991c21",
      "status": "ACTIVE",
      "required": true,
      "nextMessageId": "9f37794787c5efe35ee5140061e68c7e21a386b5",
      "prevMessageId": "9dacb619a08b34c45b899693e6c4620933c57028",
      "responseMatches": [
        {
          "name": "Last Name",
          "conditions": [
            {
              "matchType": "PATTERN",
              "patternMatch": {
                "patterns": [
                  "^\\s*([a-zA-Z]+\\s*){2,3}$"
                ],
                "excludeKeywords": []
              }
            }
          ],
          "contextConditions": [],
          "contextMatchConditionType": "ANY",
          "action": {
            "name": "INTERACTION",
            "value": "9f37794787c5efe35ee5140061e68c7e21a386b5"
          },
          "contextDataVariables": [
            {
              "name": "lastName",
              "value": "{$userMessage}",
              "scope": "SESSION"
            }
          ]
        },
        {
          "name": "No Match",
          "conditions": [
            {
              "matchType": "NO_MATCH",
              "noMatch": {}
            }
          ],
          "contextConditions": [],
          "contextMatchConditionType": "ANY",
          "action": {
            "name": "INTERACTION",
            "value": "9f37794787c5efe35ee5140061e68c7e21a386b5"
          },
          "contextDataVariables": [
            {
              "name": "lastName",
              "value": "{$userMessage}",
              "scope": "SESSION"
            }
          ]
        }
      ],
      "interactionType": "TEXT_QUESTION",
      "changeResponse": {
        "enabled": true
      },
      "cancelResponse": {
        "enabled": true
      }
    },
    {
      "id": "9f37794787c5efe35ee5140061e68c7e21a386b5",
      "chatBotId": "2e0216ce-0819-4a61-8d45-c1c6e478f5e1",
      "userInputRequired": false,
      "name": "text_question_16",
      "type": "BOT_MESSAGE",
      "content": {
        "contentType": "STATIC",
        "results": {
          "type": "TEXT_QUESTION",
          "tile": {
            "tileData": [
              {
                "text": "Perfect. What's a good email to reach you at if we need to follow up with? \n\nNo spam, we promise!",
                "buttons": [],
                "quickReplyList": []
              }
            ]
          }
        }
      },
      "group": "04d120de-1227-4e12-92fe-281a71991c21",
      "status": "ACTIVE",
      "required": true,
      "nextMessageId": "4eabf8b0918a2970239df47a3896cd3add081419",
      "prevMessageId": "9f2bf3cc0daab43627b30650bcf1634d369434ed",
      "responseMatches": [
        {
          "name": "Email",
          "conditions": [
            {
              "matchType": "REGEX",
              "regexMatch": {
                "regexText": "^(([^<>()\\[\\]\\\\.,;:\\s@\"]+(\\.[^<>()\\[\\]\\\\.,;:\\s@\"]+)*)|(\".+\"))@((\\[[0-9]{1,3}\\.[0-9]{1,3}\\.[0-9]{1,3}\\.[0-9]{1,3}])|(([a-zA-Z\\-0-9]+\\.)+[a-zA-Z]{2,}))$",
                "excludeKeywords": []
              }
            }
          ],
          "contextConditions": [],
          "contextMatchConditionType": "ANY",
          "action": {
            "name": "INTERACTION",
            "value": "fc4127149b0bfdc8c299363ccee0071f9af55f1c"
          },
          "contextDataVariables": [
            {
              "name": "email",
              "value": "{$userMessage}",
              "scope": "SESSION"
            }
          ]
        },
        {
          "name": "No Match",
          "conditions": [
            {
              "matchType": "NO_MATCH",
              "noMatch": {}
            }
          ],
          "contextConditions": [],
          "contextMatchConditionType": "ANY",
          "action": {
            "name": "INTERACTION",
            "value": "4eabf8b0918a2970239df47a3896cd3add081419"
          },
          "contextDataVariables": []
        }
      ],
      "interactionType": "TEXT_QUESTION",
      "changeResponse": {
        "enabled": true
      },
      "cancelResponse": {
        "enabled": true
      }
    },
    {
      "id": "b12b26cb465579104b85f75ef5af4a734727f992",
      "chatBotId": "2e0216ce-0819-4a61-8d45-c1c6e478f5e1",
      "userInputRequired": false,
      "name": "text_question_18",
      "type": "BOT_MESSAGE",
      "content": {
        "contentType": "STATIC",
        "results": {
          "type": "TEXT_QUESTION",
          "tile": {
            "tileData": [
              {
                "text": "Got it. In a few words, can you summarize what you're reaching out about?",
                "buttons": [],
                "quickReplyList": []
              }
            ]
          }
        }
      },
      "group": "04d120de-1227-4e12-92fe-281a71991c21",
      "status": "ACTIVE",
      "required": true,
      "nextMessageId": "890a40a06d97ed2fdcab0138fc109ce7874bd249",
      "prevMessageId": "fc4127149b0bfdc8c299363ccee0071f9af55f1c",
      "responseMatches": [
        {
          "conditions": [],
          "contextConditions": [],
          "action": {
            "name": "INTERACTION",
            "value": "next"
          },
          "contextDataVariables": []
        }
      ],
      "interactionType": "TEXT_QUESTION",
      "changeResponse": {
        "enabled": true
      },
      "cancelResponse": {
        "enabled": true
      }
    },
    {
      "id": "b4bd69fd589a0c2d3ac26e41be132906947a289d",
      "chatBotId": "2e0216ce-0819-4a61-8d45-c1c6e478f5e1",
      "userInputRequired": false,
      "name": "dialog_starter_25",
      "pattern": [
        "Spanish"
      ],
      "type": "BOT_MESSAGE",
      "content": {
        "contentType": "STATIC",
        "results": {
          "type": "DIALOG_STARTER",
          "tile": {
            "tileData": [
              {
                "buttons": [],
                "quickReplyList": []
              }
            ]
          }
        }
      },
      "group": "9bbd77d1-368b-42f8-8cf3-febfb9ab8359",
      "status": "ACTIVE",
      "required": true,
      "nextMessageId": "6035030df307e72cb34661a38eaab823112bf4a7",
      "responseMatches": [
        {
          "conditions": [],
          "contextConditions": [],
          "action": {
            "name": "INTERACTION",
            "value": "next"
          },
          "contextDataVariables": []
        }
      ],
      "interactionType": "DIALOG_STARTER"
    },
    {
      "id": "b5df97f851a67971008fe040a96658c2d9577935",
      "chatBotId": "2e0216ce-0819-4a61-8d45-c1c6e478f5e1",
      "userInputRequired": false,
      "name": "1-2 USR FNAME",
      "type": "BOT_MESSAGE",
      "content": {
        "contentType": "STATIC",
        "results": {
          "type": "TEXT_QUESTION",
          "tile": {
            "tileData": [
              {
                "text": "To start, can I get your first name?",
                "buttons": [],
                "quickReplyList": []
              }
            ]
          }
        }
      },
      "processUserResponse": "var userResponse=botContext.getCurrentUserMessage();\nvar nameCount=userResponse.split(' ');\nif(nameCount<1 || nameCount>3){\nbotContext.setTriggerNextMessage(\"1-2 USR NAME Reprompt\");\n}\nelse{\nbotContext.setBotVariable(\"firstName\",userResponse,true,false);\nbotContext.setTriggerNextMessage(\"1-2 USR LNAME\");\n}",
      "group": "4b1857e0-7fbc-4ea7-8b72-f6c5828525c9",
      "status": "DISABLED",
      "required": true,
      "nextMessageId": "f325a026c63272aed8dd5ded4cbb459cf4823ad0",
      "prevMessageId": "d8b923ac75c2d073878a62fa37802d6b70e64a76",
      "responseMatches": [
        {
          "name": "RULE_1",
          "conditions": [],
          "contextConditions": [],
          "action": {
            "name": "INTERACTION",
            "value": "next"
          },
          "contextDataVariables": []
        }
      ],
      "interactionType": "TEXT_QUESTION",
      "changeResponse": {
        "enabled": true
      },
      "cancelResponse": {
        "enabled": true
      }
    },
    {
      "id": "b681a32803ed76e38b4d452ce7638653bd277fda",
      "chatBotId": "2e0216ce-0819-4a61-8d45-c1c6e478f5e1",
      "userInputRequired": false,
      "name": "dialog_starter_10",
      "pattern": [
        "test"
      ],
      "type": "BOT_MESSAGE",
      "content": {
        "contentType": "STATIC",
        "results": {
          "type": "DIALOG_STARTER",
          "tile": {
            "tileData": [
              {
                "buttons": [],
                "quickReplyList": []
              }
            ]
          }
        }
      },
      "group": "04d120de-1227-4e12-92fe-281a71991c21",
      "status": "ACTIVE",
      "required": true,
      "nextMessageId": "69371845d2e3f4fb407b22ecfc93de5c82e66f31",
      "responseMatches": [
        {
          "name": "RULE_1",
          "conditions": [],
          "contextConditions": [],
          "action": {
            "name": "INTERACTION",
            "value": "next"
          },
          "contextDataVariables": []
        }
      ],
      "interactionType": "DIALOG_STARTER"
    },
    {
      "id": "b84d7cfdbb5e9ccbca88122d3df7e6f59674241c",
      "chatBotId": "2e0216ce-0819-4a61-8d45-c1c6e478f5e1",
      "userInputRequired": false,
      "name": "escalation_7",
      "type": "BOT_MESSAGE",
      "content": {
        "contentType": "DYNAMIC",
        "results": {
          "type": "ESCALATION",
          "tile": {
            "tileData": [
              {
                "text": "BLANK_MESSAGE",
                "buttons": [],
                "quickReplyList": [],
                "escalation": {
                  "agentSkillId": "4112883138",
                  "tangoContextEnabled": true
                }
              }
            ]
          }
        }
      },
      "preProcessMessage": "var TFS = botContext.getBotVariable('transferSkill');\nbotContext.printDebugMessage(TFS); \n",
      "group": "4b1857e0-7fbc-4ea7-8b72-f6c5828525c9",
      "status": "ACTIVE",
      "required": true,
      "prevMessageId": "c79874952f73be6e9a83154cb0134fdd927b3126",
      "responseMatches": [
        {
          "name": "RULE_1",
          "conditions": [],
          "contextConditions": [],
          "action": {
            "name": "INTERACTION",
            "value": "next"
          },
          "contextDataVariables": []
        }
      ],
      "interactionType": "ESCALATION",
      "changeResponse": {
        "enabled": true
      },
      "cancelResponse": {
        "enabled": true
      }
    },
    {
      "id": "babec612e249829b8238593b153fd2c3e842617a",
      "chatBotId": "2e0216ce-0819-4a61-8d45-c1c6e478f5e1",
      "userInputRequired": false,
      "name": "multiple_choice_question_5",
      "type": "BOT_MESSAGE",
      "content": {
        "contentType": "STATIC",
        "results": {
          "type": "MULTIPLE_CHOICE_QUESTION",
          "tile": {
            "tileData": [
              {
                "text": "What would you like to do?",
                "buttons": [],
                "multipleChoice": {
                  "multipleChoices": [
                    "Help me shop",
                    "Track my order",
                    "Help with a return",
                    "Help with a repair",
                    "Payment question",
                    "Something else",
                    "Movie Information"
                  ],
                  "displayChoice": "BUTTON",
                  "textStyle": "NUMBERS",
                  "indentationStatus": "ENABLED"
                },
                "quickReplyList": [],
                "quickReplyWidget": {
                  "choicesPerRow": 8
                }
              }
            ]
          }
        }
      },
      "group": "4b1857e0-7fbc-4ea7-8b72-f6c5828525c9",
      "status": "ACTIVE",
      "required": true,
      "nextMessageId": "d8b923ac75c2d073878a62fa37802d6b70e64a76",
      "prevMessageId": "0b0d3bbaa74b0f253dc1d02d56af17987c74410c",
      "responseMatches": [
        {
          "name": "Help me shop(T)",
          "conditions": [
            {
              "matchType": "EVAL_OPTION",
              "evaluateOptionMatch": {
                "value": "Help me shop"
              }
            }
          ],
          "contextConditions": [
            {
              "matchType": "EQUALS",
              "contextName": "OOH",
              "value": "true"
            }
          ],
          "contextMatchConditionType": "ANY",
          "action": {
            "name": "INTERACTION",
            "value": "c79874952f73be6e9a83154cb0134fdd927b3126"
          },
          "contextDataVariables": [
            {
              "name": "transferSkill",
              "value": "4112883138",
              "scope": "SESSION"
            }
          ]
        },
        {
          "name": "Help me shop(F)",
          "conditions": [
            {
              "matchType": "EVAL_OPTION",
              "evaluateOptionMatch": {
                "value": "Help me shop"
              }
            }
          ],
          "contextConditions": [
            {
              "matchType": "EQUALS",
              "contextName": "OOH",
              "value": "false"
            }
          ],
          "contextMatchConditionType": "ANY",
          "action": {
            "name": "INTERACTION",
            "value": "69371845d2e3f4fb407b22ecfc93de5c82e66f31"
          },
          "contextDataVariables": [
            {
              "name": "transferSkill",
              "value": "4112883138",
              "scope": "SESSION"
            }
          ]
        },
        {
          "name": "Track my order",
          "conditions": [
            {
              "matchType": "EVAL_OPTION",
              "evaluateOptionMatch": {
                "value": "Track my order"
              }
            }
          ],
          "contextConditions": [],
          "contextMatchConditionType": "ANY",
          "action": {
            "name": "INTERACTION",
            "value": "69371845d2e3f4fb407b22ecfc93de5c82e66f31"
          },
          "contextDataVariables": [
            {
              "name": "transferSkill",
              "value": "4112882938",
              "scope": "SESSION"
            }
          ]
        },
        {
          "name": "Help with a return",
          "conditions": [
            {
              "matchType": "EVAL_OPTION",
              "evaluateOptionMatch": {
                "value": "Help with a return"
              }
            }
          ],
          "contextConditions": [],
          "contextMatchConditionType": "ANY",
          "action": {
            "name": "INTERACTION",
            "value": "69371845d2e3f4fb407b22ecfc93de5c82e66f31"
          },
          "contextDataVariables": [
            {
              "name": "transferSkill",
              "value": "4112882938",
              "scope": "SESSION"
            }
          ]
        },
        {
          "name": "Help with a repair",
          "conditions": [
            {
              "matchType": "EVAL_OPTION",
              "evaluateOptionMatch": {
                "value": "Help with a repair"
              }
            }
          ],
          "contextConditions": [],
          "contextMatchConditionType": "ANY",
          "action": {
            "name": "INTERACTION",
            "value": "69371845d2e3f4fb407b22ecfc93de5c82e66f31"
          },
          "contextDataVariables": [
            {
              "name": "transferSkill",
              "value": "4112882938",
              "scope": "SESSION"
            }
          ]
        },
        {
          "name": "Payment question",
          "conditions": [
            {
              "matchType": "EVAL_OPTION",
              "evaluateOptionMatch": {
                "value": "Payment question"
              }
            }
          ],
          "contextConditions": [],
          "contextMatchConditionType": "ANY",
          "action": {
            "name": "INTERACTION",
            "value": "69371845d2e3f4fb407b22ecfc93de5c82e66f31"
          },
          "contextDataVariables": [
            {
              "name": "transferSkill",
              "value": "4112882938",
              "scope": "SESSION"
            }
          ]
        },
        {
          "name": "Something else",
          "conditions": [
            {
              "matchType": "EVAL_OPTION",
              "evaluateOptionMatch": {
                "value": "Something else"
              }
            }
          ],
          "contextConditions": [],
          "contextMatchConditionType": "ANY",
          "action": {
            "name": "INTERACTION",
            "value": "69371845d2e3f4fb407b22ecfc93de5c82e66f31"
          },
          "contextDataVariables": [
            {
              "name": "transferSkill",
              "value": "4112882938",
              "scope": "SESSION"
            }
          ]
        },
        {
          "name": "Movie information",
          "conditions": [
            {
              "matchType": "EVAL_OPTION",
              "evaluateOptionMatch": {
                "value": "Movie Information"
              }
            }
          ],
          "contextConditions": [],
          "contextMatchConditionType": "ANY",
          "action": {
            "name": "INTERACTION",
            "value": "9c2249d1f265bffc6d1d31280333be13adba7996"
          },
          "contextDataVariables": []
        }
      ],
      "interactionType": "MULTIPLE_CHOICE_QUESTION",
      "changeResponse": {
        "enabled": true
      },
      "cancelResponse": {
        "enabled": true
      },
      "interactionDelay": "5000"
    },
    {
      "id": "c268af821ccb0c09bf55d30aa571d3a0c3b7f0db",
      "chatBotId": "2e0216ce-0819-4a61-8d45-c1c6e478f5e1",
      "userInputRequired": false,
      "name": "1-2 USR FNAME Reprompt",
      "type": "BOT_MESSAGE",
      "content": {
        "contentType": "STATIC",
        "results": {
          "type": "TEXT_QUESTION",
          "tile": {
            "tileData": [
              {
                "text": "Hmm, that doesn't look quite right. I'm looking for just your first name.\nLet's try that again. Can I get your name?",
                "buttons": [],
                "quickReplyList": []
              }
            ]
          }
        }
      },
      "processUserResponse": "var userResponse=botContext.getCurrentUserMessage();\nbotContext.setBotVariable(\"firstName\",userResponse,true,false);\nbotContext.setTriggerNextMessage(\"1-2 USR Email Reprompt\");",
      "group": "4b1857e0-7fbc-4ea7-8b72-f6c5828525c9",
      "status": "DISABLED",
      "required": true,
      "nextMessageId": "56ba44f2cff7b9ef0b965827d84faec4f0c78ad7",
      "prevMessageId": "f325a026c63272aed8dd5ded4cbb459cf4823ad0",
      "responseMatches": [
        {
          "name": "RULE_1",
          "conditions": [],
          "contextConditions": [],
          "action": {
            "name": "INTERACTION",
            "value": "f325a026c63272aed8dd5ded4cbb459cf4823ad0"
          },
          "contextDataVariables": []
        }
      ],
      "interactionType": "TEXT_QUESTION",
      "changeResponse": {
        "enabled": true
      },
      "cancelResponse": {
        "enabled": true
      }
    },
    {
      "id": "c33b4d5aca3a35b900fa28353caf42b25c18400f",
      "chatBotId": "2e0216ce-0819-4a61-8d45-c1c6e478f5e1",
      "userInputRequired": false,
      "name": "escalation_20",
      "type": "BOT_MESSAGE",
      "content": {
        "contentType": "DYNAMIC",
        "results": {
          "type": "ESCALATION",
          "tile": {
            "tileData": [
              {
                "text": "BLANK_MESSAGE",
                "buttons": [],
                "quickReplyList": [],
                "escalation": {
                  "agentSkillId": "{$botContext.transferSkill}",
                  "tangoContextEnabled": true
                }
              }
            ]
          }
        }
      },
      "preProcessMessage": "var TFS = botContext.getBotVariable('transferSkill');\nbotContext.printDebugMessage(TFS); \n",
      "group": "04d120de-1227-4e12-92fe-281a71991c21",
      "status": "ACTIVE",
      "required": true,
      "prevMessageId": "890a40a06d97ed2fdcab0138fc109ce7874bd249",
      "responseMatches": [
        {
          "name": "RULE_1",
          "conditions": [],
          "contextConditions": [],
          "action": {
            "name": "INTERACTION",
            "value": "none"
          },
          "contextDataVariables": []
        }
      ],
      "interactionType": "ESCALATION",
      "changeResponse": {
        "enabled": true
      },
      "cancelResponse": {
        "enabled": true
      }
    },
    {
      "id": "c41e10c1758887328b5913663de2fa4386974afe",
      "chatBotId": "2e0216ce-0819-4a61-8d45-c1c6e478f5e1",
      "userInputRequired": false,
      "name": "OOH- NO",
      "type": "BOT_MESSAGE",
      "content": {
        "contentType": "STATIC",
        "results": {
          "type": "TEXT",
          "tile": {
            "tileData": [
              {
                "text": "Hi! I'm your virtual assistant, here to guide you along your shopping experience.",
                "buttons": [],
                "quickReplyList": []
              }
            ]
          }
        }
      },
      "group": "8db6450b-6ce4-459b-af3d-8e40140736d8",
      "status": "ACTIVE",
      "required": true,
      "prevMessageId": "8c874823bb0fb85a36ab58e368b58834516d5925",
      "responseMatches": [
        {
          "name": "RULE_1",
          "conditions": [],
          "contextConditions": [],
          "action": {
            "name": "INTERACTION",
            "value": "babec612e249829b8238593b153fd2c3e842617a"
          },
          "contextDataVariables": []
        }
      ],
      "interactionType": "TEXT",
      "interactionDelay": "2500"
    },
    {
      "id": "c79874952f73be6e9a83154cb0134fdd927b3126",
      "chatBotId": "2e0216ce-0819-4a61-8d45-c1c6e478f5e1",
      "userInputRequired": false,
      "name": "text_6",
      "type": "BOT_MESSAGE",
      "content": {
        "contentType": "STATIC",
        "results": {
          "type": "TEXT",
          "tile": {
            "tileData": [
              {
                "text": "Sure! I can set you up to talk to a customer service agent as soon as they're back online",
                "buttons": [],
                "quickReplyList": []
              }
            ]
          }
        }
      },
      "group": "4b1857e0-7fbc-4ea7-8b72-f6c5828525c9",
      "status": "ACTIVE",
      "required": true,
      "nextMessageId": "b84d7cfdbb5e9ccbca88122d3df7e6f59674241c",
      "prevMessageId": "5f9ab73b47a8449afe0ebf7ebdabc12a6f5d913b",
      "responseMatches": [
        {
          "name": "RULE_1",
          "conditions": [],
          "contextConditions": [],
          "action": {
            "name": "INTERACTION",
            "value": "next"
          },
          "contextDataVariables": []
        }
      ],
      "interactionType": "TEXT",
      "interactionDelay": "2500"
    },
    {
      "id": "d8b923ac75c2d073878a62fa37802d6b70e64a76",
      "chatBotId": "2e0216ce-0819-4a61-8d45-c1c6e478f5e1",
      "userInputRequired": false,
      "name": "1-2 USR INPUT Starter",
      "type": "BOT_MESSAGE",
      "content": {
        "contentType": "STATIC",
        "results": {
          "type": "TEXT",
          "tile": {
            "tileData": [
              {
                "text": "Alright, I'll just grab a bit of info from you to speed things along, and then I'll get you to the right person.",
                "buttons": [],
                "quickReplyList": []
              }
            ]
          }
        }
      },
      "group": "4b1857e0-7fbc-4ea7-8b72-f6c5828525c9",
      "status": "DISABLED",
      "required": true,
      "nextMessageId": "b5df97f851a67971008fe040a96658c2d9577935",
      "prevMessageId": "babec612e249829b8238593b153fd2c3e842617a",
      "responseMatches": [
        {
          "name": "RULE_1",
          "conditions": [],
          "contextConditions": [],
          "action": {
            "name": "INTERACTION",
            "value": "next"
          },
          "contextDataVariables": []
        }
      ],
      "interactionType": "TEXT"
    },
    {
      "id": "e664ae549b3708b246fb1afe449510c6a4391aac",
      "chatBotId": "2e0216ce-0819-4a61-8d45-c1c6e478f5e1",
      "userInputRequired": false,
      "name": "1-2 USR Email",
      "type": "BOT_MESSAGE",
      "content": {
        "contentType": "STATIC",
        "results": {
          "type": "TEXT_QUESTION",
          "tile": {
            "tileData": [
              {
                "text": "Perfect. What's a good email to reach you at if we need to follow up with? \nNo spam, we promise!",
                "buttons": [],
                "quickReplyList": []
              }
            ]
          }
        }
      },
      "processUserResponse": "var validRegex = /^[a-zA-Z0-9.!#$%&'*+/=?^_`{|}~-]+@[a-zA-Z0-9-]+(?:\\.[a-zA-Z0-9-]+)*$/;\nvar userResponse=botContext.getCurrentUserMessage();\nif(!userResponse.match(validRegex)){\nbotContext.setTriggerNextMessage(\"1-2 USR Email Reprompt\");\n}\nelse{\nbotContext.setBotVariable(\"email\",userResponse, true, false);\n}",
      "group": "4b1857e0-7fbc-4ea7-8b72-f6c5828525c9",
      "status": "DISABLED",
      "required": true,
      "nextMessageId": "6f37d0a222141237fd7dbe3ca88cd3c124a579c2",
      "prevMessageId": "56ba44f2cff7b9ef0b965827d84faec4f0c78ad7",
      "responseMatches": [
        {
          "name": "RULE_1",
          "conditions": [],
          "contextConditions": [],
          "action": {
            "name": "INTERACTION",
            "value": "38e82b9bfc3c5bfe4a0da6584ef4843f8071334a"
          },
          "contextDataVariables": []
        }
      ],
      "interactionType": "TEXT_QUESTION",
      "changeResponse": {
        "enabled": true
      },
      "cancelResponse": {
        "enabled": true
      }
    },
    {
      "id": "f325a026c63272aed8dd5ded4cbb459cf4823ad0",
      "chatBotId": "2e0216ce-0819-4a61-8d45-c1c6e478f5e1",
      "userInputRequired": false,
      "name": "1-2 USR LNAME",
      "type": "BOT_MESSAGE",
      "content": {
        "contentType": "STATIC",
        "results": {
          "type": "TEXT_QUESTION",
          "tile": {
            "tileData": [
              {
                "text": "And your last name?",
                "buttons": [],
                "quickReplyList": []
              }
            ]
          }
        }
      },
      "processUserResponse": "var userResponse=botContext.getCurrentUserMessage();\nvar nameCount=userResponse.split(' ');\nif(nameCount<1 || nameCount>3){\nbotContext.setTriggerNextMessage(\"\");\n}\nelse{\nbotContext.setBotVariable(\"lastName\",userResponse,true,false);\n}",
      "group": "4b1857e0-7fbc-4ea7-8b72-f6c5828525c9",
      "status": "DISABLED",
      "required": true,
      "nextMessageId": "c268af821ccb0c09bf55d30aa571d3a0c3b7f0db",
      "prevMessageId": "b5df97f851a67971008fe040a96658c2d9577935",
      "responseMatches": [
        {
          "name": "RULE_1",
          "conditions": [],
          "contextConditions": [],
          "action": {
            "name": "INTERACTION",
            "value": "e664ae549b3708b246fb1afe449510c6a4391aac"
          },
          "contextDataVariables": []
        }
      ],
      "interactionType": "TEXT_QUESTION",
      "changeResponse": {
        "enabled": true
      },
      "cancelResponse": {
        "enabled": true
      }
    },
    {
      "id": "fc4127149b0bfdc8c299363ccee0071f9af55f1c",
      "chatBotId": "2e0216ce-0819-4a61-8d45-c1c6e478f5e1",
      "userInputRequired": false,
      "name": "User_Details_SDE",
      "type": "BOT_MESSAGE",
      "content": {
        "contentType": "DYNAMIC",
        "responderName": "SET_SDE_USER_DETAILS",
        "responderId": "ee2b9825-bf5e-4833-bc34-82d7b6076003"
      },
      "postProcessMessage": "botContext.setTriggerNextMessage('text_question_18');",
      "group": "04d120de-1227-4e12-92fe-281a71991c21",
      "status": "ACTIVE",
      "required": true,
      "nextMessageId": "b12b26cb465579104b85f75ef5af4a734727f992",
      "prevMessageId": "4eabf8b0918a2970239df47a3896cd3add081419",
      "responseMatches": [
        {
          "name": "Pass",
          "conditions": [
            {
              "matchType": "API_RESULT",
              "apiResultsMatch": {
                "status": "SUCCESS"
              }
            }
          ],
          "contextConditions": [],
          "contextMatchConditionType": "ANY",
          "action": {
            "name": "INTERACTION",
            "value": "next"
          },
          "contextDataVariables": []
        },
        {
          "name": "Failure Rule",
          "conditions": [
            {
              "matchType": "API_RESULT",
              "apiResultsMatch": {
                "status": "FAILURE"
              }
            }
          ],
          "contextConditions": [],
          "contextMatchConditionType": "ANY",
          "action": {
            "name": "INTERACTION",
            "value": "next"
          },
          "contextDataVariables": []
        }
      ],
      "interactionType": "API_INTEGRATION",
      "changeResponse": {
        "enabled": true
      },
      "cancelResponse": {
        "enabled": true
      }
    }
  ],
  "menus": [],
  "groups": [
    {
      "chatBotId": "2e0216ce-0819-4a61-8d45-c1c6e478f5e1",
      "id": "04d120de-1227-4e12-92fe-281a71991c21",
      "name": "4 Agent Transfer",
      "creationTime": "2023-05-10 02:46:23",
      "modificationTime": "2023-05-10 02:46:23",
      "dialogType": "DIALOG",
      "status": "ENABLED",
      "disambiguteOnlySelectedDomains": false
    },
    {
      "chatBotId": "2e0216ce-0819-4a61-8d45-c1c6e478f5e1",
      "id": "1ffa1247-8cd5-4685-ba4f-c37767f5a9eb",
      "name": "2 Fallback",
      "creationTime": "2023-05-10 01:29:43",
      "modificationTime": "2023-05-10 01:29:43",
      "dialogType": "FALLBACK_DIALOG",
      "status": "ENABLED",
      "disambiguteOnlySelectedDomains": false
    },
    {
      "chatBotId": "2e0216ce-0819-4a61-8d45-c1c6e478f5e1",
      "id": "4b1857e0-7fbc-4ea7-8b72-f6c5828525c9",
      "name": "3 Menu",
      "creationTime": "2023-05-10 01:34:22",
      "modificationTime": "2023-05-10 01:34:22",
      "dialogType": "DIALOG",
      "status": "ENABLED",
      "disambiguteOnlySelectedDomains": false
    },
    {
      "chatBotId": "2e0216ce-0819-4a61-8d45-c1c6e478f5e1",
      "id": "7cb7cda4-922a-4a19-8f00-f4d130a83270",
      "name": "Movie Information",
      "creationTime": "2023-06-12 05:18:30",
      "modificationTime": "2023-07-10 08:30:55",
      "dialogType": "DIALOG",
      "status": "ENABLED",
      "disambiguteOnlySelectedDomains": false
    },
    {
      "chatBotId": "2e0216ce-0819-4a61-8d45-c1c6e478f5e1",
      "id": "8db6450b-6ce4-459b-af3d-8e40140736d8",
      "name": "1 Welcome",
      "creationTime": "2023-05-10 01:29:43",
      "modificationTime": "2023-05-10 01:29:43",
      "dialogType": "DIALOG",
      "status": "ENABLED",
      "disambiguteOnlySelectedDomains": false
    },
    {
      "chatBotId": "2e0216ce-0819-4a61-8d45-c1c6e478f5e1",
      "id": "9bbd77d1-368b-42f8-8cf3-febfb9ab8359",
      "name": "Spanish",
      "creationTime": "2023-06-26 08:23:17",
      "modificationTime": "2023-06-26 08:23:17",
      "dialogType": "DIALOG",
      "status": "ENABLED",
      "disambiguteOnlySelectedDomains": false
    }
  ],
  "globalFunctions": {
    "chatBotId": "2e0216ce-0819-4a61-8d45-c1c6e478f5e1",
    "methods": "function __initConversation() { \n   \n  var sharkVisitorId = botContext.getLPEngagementAttribute(\"sharkVisitorId\");\n  var sharkSessionId = botContext.getLPEngagementAttribute(\"sharkSessionId\");\n  var BearerToken = botContext.getLPEngagementAttribute(\"BearerToken\");\n  \n  var convId = botContext.getConversationId();\n\n  botContext.setBotVariable(\"visitorId\",sharkVisitorId,true,false);\n  botContext.setBotVariable(\"sessionId\",sharkSessionId,true,false);\n  botContext.setBotVariable(\"BearerToken\",BearerToken,true,false);\n  botContext.setBotVariable(\"convId\",convId,true,false);\n}",
    "creationTime": "2023-06-12 07:38:30",
    "modificationTime": "2023-06-12 07:38:32"
  },
  "platforms": [
    {
      "id": "07687caad8b019203a4165a6b81b86726bbf382b",
      "chatbotId": "2e0216ce-0819-4a61-8d45-c1c6e478f5e1",
      "integrationType": "HTMLCLIENT",
      "platform": "HTMLCLIENT",
      "status": "NEW"
    }
  ],
  "associatedDomains": [],
  "dialogTemplates": []
}